{
    "appid": 3554450,
    "name": "ESCAPE FROM TIMOKHA 2: ARMY",
    "type": "Game",
    "schinese_name": "",
    "isfreeapp": 0,
    "update_time": "2025-06-21 12:39:24",
    "change_number": 29675502,
    "depot": {
        "3554451": {
            "manifests": {
                "public": {
                    "gid": "4209180412802113097",
                    "size": "1448800702",
                    "download": "549282912"
                }
            },
            "decryptionkey": "04372e0dfb51b09feacab25028b8bbf9a684d8437157db959a46de0e49d4250a"
        },
        "branches": {
            "public": {
                "buildid": "18944799",
                "timeupdated": "1750452746"
            }
        }
    }
}